{"Loss": 0.3413342237472534, "Acc": 0.8120164364432368, "f1": 0.7328600417808129, "_timestamp": 1675821915.2869918, "_runtime": 24.662795782089233, "_step": 45, "_wandb": {"runtime": 22}}